﻿<?xml version="1.0" encoding="utf-8"?>
<postlinks>
  <row Id="27" CreationDate="2013-12-18T16:21:09.357" PostId="65" RelatedPostId="82" LinkTypeId="1" />
  <row Id="155" CreationDate="2013-12-19T14:28:22.633" PostId="154" RelatedPostId="100" LinkTypeId="1" />
  <row Id="293" CreationDate="2013-12-22T06:12:07.993" PostId="163" RelatedPostId="170" LinkTypeId="1" />
  <row Id="537" CreationDate="2013-12-26T04:49:24.707" PostId="396" RelatedPostId="382" LinkTypeId="1" />
  <row Id="702" CreationDate="2013-12-28T04:46:06.970" PostId="428" RelatedPostId="347" LinkTypeId="1" />
  <row Id="850" CreationDate="2013-12-30T21:15:43.910" PostId="499" RelatedPostId="78" LinkTypeId="1" />
  <row Id="1070" CreationDate="2014-01-04T20:04:46.907" PostId="575" RelatedPostId="39" LinkTypeId="1" />
  <row Id="1139" CreationDate="2014-01-05T23:45:51.667" PostId="615" RelatedPostId="537" LinkTypeId="1" />
  <row Id="1272" CreationDate="2014-01-07T14:32:01.000" PostId="662" RelatedPostId="481" LinkTypeId="1" />
  <row Id="1298" CreationDate="2014-01-07T15:55:32.330" PostId="667" RelatedPostId="19" LinkTypeId="1" />
  <row Id="1299" CreationDate="2014-01-07T15:57:40.713" PostId="665" RelatedPostId="200" LinkTypeId="1" />
  <row Id="1312" CreationDate="2014-01-07T19:38:40.967" PostId="686" RelatedPostId="439" LinkTypeId="1" />
  <row Id="1318" CreationDate="2014-01-07T21:34:17.603" PostId="691" RelatedPostId="627" LinkTypeId="1" />
  <row Id="1381" CreationDate="2014-01-08T20:13:20.067" PostId="758" RelatedPostId="627" LinkTypeId="1" />
  <row Id="1423" CreationDate="2014-01-08T22:23:44.547" PostId="767" RelatedPostId="758" LinkTypeId="1" />
  <row Id="1503" CreationDate="2014-01-10T04:36:11.613" PostId="823" RelatedPostId="96" LinkTypeId="1" />
  <row Id="1518" CreationDate="2014-01-10T15:46:40.200" PostId="833" RelatedPostId="475" LinkTypeId="1" />
  <row Id="1519" CreationDate="2014-01-10T15:46:40.200" PostId="833" RelatedPostId="826" LinkTypeId="1" />
  <row Id="1520" CreationDate="2014-01-10T16:27:03.120" PostId="200" RelatedPostId="665" LinkTypeId="1" />
  <row Id="1555" CreationDate="2014-01-10T19:40:21.440" PostId="853" RelatedPostId="427" LinkTypeId="1" />
  <row Id="2004" CreationDate="2014-01-13T19:23:31.923" PostId="411" RelatedPostId="973" LinkTypeId="1" />
  <row Id="2061" CreationDate="2014-01-14T04:19:00.043" PostId="1028" RelatedPostId="198" LinkTypeId="1" />
  <row Id="2133" CreationDate="2014-01-15T04:47:05.740" PostId="1063" RelatedPostId="63" LinkTypeId="1" />
  <row Id="2232" CreationDate="2014-01-16T19:59:43.723" PostId="1099" RelatedPostId="738" LinkTypeId="1" />
  <row Id="2233" CreationDate="2014-01-16T20:49:49.500" PostId="1099" RelatedPostId="738" LinkTypeId="3" />
</postlinks>